Suhu (Â°C),Kelembapan (%),Tekanan (hPa),Kecepatan Angin (km/jam),Curah Hujan (mm),Awan (%),Radiasi Matahari (W/mÂ²),Ketinggian (mdpl),Kelembapan Tanah (%),pH Tanah,Prakiraan Cuaca
25.71,96.1,959.4,14.1,28.86,57.7,333.0,252.9,31.2,6.44,Hujan
32.25,51.7,988.1,22.5,17.44,26.6,104.2,104.3,14.0,4.07,Cerah
26.94,89.7,975.6,27.1,35.94,,288.2,301.9,40.0,4.04,Hujan
25.34,76.0,983.1,15.3,25.56,18.4,729.5,19.2,31.7,6.24,Hujan
34.25,46.7,959.8,3.9,0.21,27.3,487.5,223.3,59.0,6.68,Cerah
34.54,50.4,957.8,24.0,33.96,71.2,710.8,36.8,36.7,6.03,Cerah
26.94,52.1,956.3,0.0,16.58,43.8,988.6,444.8,23.9,6.38,Hujan
32.99,41.1,985.7,24.5,31.28,70.8,979.0,56.4,44.4,6.79,Cerah
20.99,83.7,962.3,25.0,44.37,58.7,797.3,98.3,41.1,4.62,Hujan
27.78,91.1,955.6,22.3,36.44,60.3,551.5,433.4,29.8,6.64,Hujan
32.58,85.9,994.8,13.7,42.7,98.6,157.3,28.3,30.1,7.31,Cerah
31.57,63.1,966.7,28.4,21.45,61.4,455.5,287.0,40.5,7.14,Cerah
27.99,64.0,1017.6,27.6,16.44,58.8,1097.6,163.3,50.0,7.75,Hujan
23.22,71.1,1001.4,21.3,35.36,85.0,554.7,452.9,14.0,4.24,Hujan
21.77,69.9,1016.7,5.1,38.11,23.9,647.7,179.7,29.5,7.5,Hujan
21.28,87.0,952.6,25.3,45.54,53.3,564.0,442.5,57.2,4.17,Hujan
33.35,77.1,967.8,13.5,8.13,98.8,1009.6,285.2,26.8,5.67,Cerah
21.56,85.7,955.0,6.6,9.01,99.6,612.0,443.9,26.0,7.74,Hujan
24.68,90.7,950.5,22.0,49.34,93.6,275.7,43.9,43.6,4.59,Hujan
23.75,43.6,978.8,23.2,25.81,58.0,132.2,474.5,34.7,6.9,Hujan
31.58,,954.6,16.9,39.93,13.6,586.3,352.0,14.8,7.82,Cerah
29.68,,965.9,2.1,43.68,44.6,663.1,48.4,41.9,5.1,Hujan
20.27,50.9,1009.2,17.9,19.34,34.7,472.2,316.6,31.9,4.77,Hujan
,58.4,1017.0,22.8,45.65,,1018.8,273.8,49.1,4.38,Hujan
28.23,65.6,1002.8,4.8,5.27,94.8,646.2,228.2,18.7,7.64,Hujan
30.84,62.1,991.5,7.0,15.79,0.7,1027.5,236.7,37.4,5.47,Cerah
29.55,98.1,987.3,22.5,21.32,57.8,895.0,100.7,59.4,7.17,Hujan
30.33,83.7,953.6,2.9,36.41,56.7,572.4,392.0,28.8,5.3,Cerah
22.72,85.7,950.0,27.5,6.16,12.9,141.6,134.6,49.0,4.6,Hujan
33.5,,985.6,18.1,37.08,0.7,351.5,364.4,56.5,5.08,Cerah
,,997.5,8.1,39.99,,401.0,227.5,50.6,7.01,Hujan
34.58,75.5,1010.1,2.1,27.83,93.3,982.0,63.1,24.4,6.47,Cerah
23.14,43.6,1012.4,6.6,38.23,91.1,547.0,282.9,19.0,4.29,Hujan
34.79,91.8,978.5,22.1,20.95,63.2,958.5,334.4,25.8,4.86,Cerah
21.51,98.3,995.7,6.6,10.11,38.5,830.4,337.1,17.8,7.12,Hujan
33.31,85.0,988.3,3.1,22.15,38.7,330.2,466.2,38.9,6.71,Cerah
24.2,69.2,979.0,11.6,0.54,91.2,486.9,155.9,14.3,5.19,Hujan
29.5,99.3,991.0,12.2,34.58,45.9,836.1,267.3,33.2,7.78,Hujan
20.4,40.3,1003.6,11.4,24.19,54.3,319.5,110.6,55.6,5.49,Hujan
,77.7,988.2,28.5,49.6,34.7,1015.1,455.4,37.6,4.8,Hujan
26.29,79.5,994.5,4.2,4.31,44.0,613.4,94.6,53.2,5.35,Hujan
27.84,53.2,990.4,29.3,0.68,84.4,157.5,417.8,14.2,5.16,Hujan
20.38,,984.5,21.3,6.22,92.7,837.8,151.6,11.5,6.83,Hujan
20.47,57.9,976.9,8.1,12.61,28.9,701.3,258.1,31.5,5.77,Hujan
21.28,82.4,973.7,24.1,29.78,2.7,442.7,319.7,51.4,4.39,Hujan
29.75,99.2,985.4,14.6,16.9,33.3,501.0,47.3,31.1,6.16,Hujan
26.38,87.7,976.0,29.7,2.48,24.5,777.1,470.2,17.9,6.13,Hujan
24.18,59.4,953.8,17.1,,31.6,756.0,88.3,45.7,7.09,Hujan
21.22,80.4,960.8,27.9,12.03,84.4,682.5,63.7,30.7,6.86,Hujan
25.44,60.3,953.1,3.6,20.68,41.1,781.0,345.9,39.2,4.98,Hujan
27.71,75.2,978.4,9.4,25.0,97.6,718.3,183.6,29.7,5.61,Hujan
23.33,73.9,963.0,6.9,41.2,48.8,392.1,22.4,20.7,6.22,Hujan
34.85,87.9,992.1,15.2,44.16,82.6,1036.7,95.2,19.2,6.03,Cerah
27.38,76.4,975.0,22.2,48.83,91.2,507.5,458.3,27.2,4.2,Hujan
25.5,98.3,953.7,10.0,41.3,71.9,209.2,396.3,30.5,5.22,Hujan
29.11,42.2,963.9,6.0,33.56,30.3,785.5,333.4,27.7,5.39,Hujan
24.15,79.7,968.9,25.4,43.77,24.3,508.4,372.2,14.9,7.75,Hujan
20.31,53.3,952.4,16.5,1.73,16.5,984.1,125.2,52.0,5.15,Hujan
28.52,49.1,987.8,4.8,30.68,47.4,878.0,122.4,19.6,6.36,Hujan
32.04,52.3,1014.8,10.5,14.21,84.3,630.4,177.2,14.2,6.55,Cerah
31.55,50.0,965.3,19.4,7.17,46.8,485.2,79.3,40.9,7.5,Cerah
28.97,99.9,1009.5,19.7,38.98,43.6,1033.0,245.2,50.1,6.3,Hujan
23.43,74.0,1009.2,4.4,10.7,86.8,1164.1,295.5,50.2,5.39,Hujan
,99.8,1013.8,18.3,2.85,18.1,156.3,397.3,17.9,6.33,Hujan
21.81,44.2,950.0,6.6,37.56,4.0,675.6,160.1,32.6,6.61,Hujan
,63.9,950.7,23.3,17.2,68.3,844.7,128.3,23.2,5.57,Hujan
,95.2,965.1,1.5,23.04,81.3,481.4,388.9,11.8,5.05,Hujan
,42.6,986.2,12.4,17.8,73.2,532.1,96.9,30.9,5.71,Hujan
31.58,57.8,1003.0,21.2,16.22,55.3,1144.2,182.5,31.8,7.55,Cerah
30.08,55.4,993.0,10.3,14.16,82.8,395.5,494.6,43.0,5.88,Cerah
31.33,,1013.4,0.3,2.52,9.9,190.1,122.4,34.7,7.24,Cerah
22.82,44.4,977.1,26.5,39.81,27.5,339.5,284.7,56.9,4.72,Hujan
22.08,81.5,1007.6,28.5,28.75,31.2,599.4,96.0,52.4,6.04,Hujan
24.52,84.0,965.8,24.5,5.53,56.9,224.6,82.0,30.9,4.13,Hujan
32.34,74.1,964.5,11.7,28.29,3.9,1146.9,53.1,13.5,6.15,Cerah
28.86,44.7,963.7,6.1,40.15,72.0,597.4,421.2,35.5,4.89,Hujan
28.8,55.8,975.9,24.8,23.77,20.6,452.7,36.6,21.4,5.0,Hujan
26.6,58.9,967.6,15.6,28.89,92.3,1053.3,331.8,58.7,4.85,Hujan
,83.1,1000.0,5.9,36.47,64.1,969.6,37.1,43.5,7.16,Hujan
24.84,88.1,993.2,2.1,31.5,38.9,504.1,148.8,26.9,6.93,Hujan
32.98,81.7,986.1,11.8,,17.6,680.3,26.7,17.2,5.32,Cerah
22.11,54.3,964.1,0.5,6.3,47.5,635.1,17.1,34.1,5.01,Hujan
27.52,46.3,992.0,24.6,29.09,22.7,818.0,437.5,47.1,5.34,Hujan
32.03,46.6,968.1,29.0,48.96,33.6,467.5,248.8,26.7,6.02,Cerah
22.35,44.9,979.5,24.1,20.27,14.3,812.5,221.4,52.9,6.59,Hujan
27.8,42.6,978.5,9.1,33.44,25.7,258.9,414.8,29.4,5.88,Hujan
34.25,43.4,970.3,15.9,40.79,48.5,480.2,454.2,15.4,5.59,Cerah
25.23,43.5,950.1,29.7,25.64,67.7,1042.7,36.2,54.5,5.92,Hujan
25.02,54.5,974.2,20.7,25.44,78.1,195.1,212.7,18.7,7.07,Hujan
29.18,87.4,950.1,15.5,49.13,15.5,549.6,369.1,55.2,4.83,Hujan
29.43,98.2,1014.2,0.9,28.69,26.1,130.6,493.6,43.1,6.31,Hujan
28.38,77.1,1017.6,20.2,28.92,23.9,1196.5,218.6,15.8,6.5,Hujan
34.55,61.1,971.0,8.1,44.53,64.6,971.8,280.2,17.8,7.76,Cerah
29.74,,1011.1,21.6,,22.8,510.7,468.9,24.8,7.39,Hujan
26.01,76.8,963.8,13.9,45.26,82.0,985.6,462.1,46.6,4.84,Hujan
21.09,58.5,977.0,6.9,17.5,,708.0,105.4,32.5,6.9,Hujan
20.5,49.0,959.4,14.8,26.92,87.5,972.1,329.7,18.2,7.54,Hujan
33.31,99.5,1007.5,17.5,42.47,57.7,880.2,154.9,12.6,4.9,Cerah
25.35,65.1,982.1,18.7,12.65,32.8,730.0,389.3,18.5,5.57,Hujan
25.2,42.5,1001.0,14.0,34.56,63.7,317.0,472.0,42.5,5.9,Hujan
32.46,43.5,995.3,10.2,29.8,18.8,198.3,111.6,36.3,4.86,Cerah
32.85,74.7,1013.9,12.7,29.93,99.5,670.0,21.1,12.5,5.39,Cerah
20.28,56.2,1004.6,12.5,45.48,,449.0,254.9,14.4,5.89,Hujan
34.04,52.0,986.2,20.8,49.89,6.9,781.5,25.3,22.6,4.97,Cerah
26.71,,996.6,14.6,47.62,5.7,471.8,21.9,50.4,4.8,Hujan
21.8,45.3,953.4,22.8,35.25,59.6,394.4,82.4,36.8,5.51,Hujan
33.15,53.7,955.1,4.3,22.93,83.5,937.1,315.3,30.3,6.58,Cerah
31.07,87.1,1006.5,1.2,37.47,81.1,1151.6,19.3,52.7,4.94,Cerah
20.61,40.4,997.3,22.9,15.75,20.4,161.5,131.2,31.8,5.08,Hujan
34.23,75.6,1009.4,10.4,18.6,66.6,1101.9,60.6,51.5,4.85,Cerah
20.85,88.2,950.6,29.0,28.61,43.5,501.9,320.2,44.0,7.96,Hujan
25.97,86.5,965.5,9.8,,73.2,1162.3,363.8,13.6,4.79,Hujan
27.43,44.8,1017.7,27.9,7.66,1.4,433.5,391.0,44.8,6.23,Hujan
28.87,57.7,984.9,10.8,45.46,12.0,359.1,126.7,39.3,6.38,Hujan
30.94,76.8,957.4,12.2,6.55,76.9,935.5,327.0,57.5,5.6,Cerah
29.27,69.3,1018.9,22.7,23.75,67.7,1069.8,96.7,13.2,6.8,Hujan
23.87,46.2,995.7,15.5,6.66,75.1,124.2,114.1,24.4,6.81,Hujan
27.45,92.4,999.3,1.5,0.05,53.8,948.4,365.9,42.2,7.8,Hujan
31.53,64.8,1001.7,7.0,27.76,16.3,183.0,420.2,37.1,5.67,Cerah
21.91,88.0,950.4,29.0,19.82,77.4,1054.9,80.4,48.6,7.79,Hujan
32.45,88.0,1004.0,20.3,30.49,49.2,1123.0,400.8,59.0,7.25,Cerah
28.24,97.9,1013.0,18.6,19.66,57.7,272.6,183.9,25.5,7.11,Hujan
26.18,67.6,976.0,18.7,37.61,94.6,1006.1,223.6,31.3,4.91,Hujan
29.23,56.1,1004.2,6.1,5.76,20.4,232.5,128.1,14.3,5.82,Hujan
20.36,,963.0,28.8,38.33,66.1,815.8,434.4,49.6,4.4,Hujan
29.3,94.0,985.0,13.8,49.85,63.9,1150.7,405.3,51.4,6.35,Hujan
24.93,69.8,981.5,25.8,38.29,70.1,195.3,60.1,21.1,4.54,Hujan
34.21,50.6,971.2,19.5,48.91,19.9,693.1,354.0,44.5,4.18,Cerah
22.73,49.9,1003.1,20.3,7.43,23.3,297.6,172.9,38.3,4.79,Hujan
30.61,97.4,1005.5,8.9,6.19,29.9,162.8,18.9,48.2,7.14,Cerah
20.61,93.7,959.4,19.9,13.46,71.5,739.7,140.5,42.8,5.59,Hujan
28.93,78.7,975.1,2.1,5.43,50.6,178.9,6.8,12.2,6.02,Hujan
31.11,44.3,994.2,2.1,22.1,51.3,651.0,39.6,10.7,4.18,Cerah
21.37,79.4,1010.6,13.3,44.87,68.4,737.7,136.6,35.7,7.43,Hujan
32.97,72.3,1019.8,13.2,9.04,29.3,1025.8,129.7,41.8,7.8,Cerah
33.83,,996.8,29.1,0.81,65.8,642.3,59.9,29.9,7.8,Cerah
32.11,93.3,1006.3,8.1,14.67,31.8,157.2,453.7,24.5,7.56,Cerah
23.56,53.2,971.3,3.5,41.0,60.8,983.5,305.8,35.3,5.32,Hujan
31.78,68.5,968.2,11.2,41.22,52.8,389.0,246.7,30.3,5.53,Cerah
20.08,42.5,964.3,9.4,29.71,48.5,285.7,311.6,46.6,5.69,Hujan
23.88,93.2,1010.2,22.1,20.56,62.3,870.4,466.3,32.5,5.82,Hujan
34.5,42.0,1008.2,12.4,6.02,86.4,977.2,431.4,39.5,5.8,Cerah
22.72,47.3,1004.8,25.0,2.74,42.3,183.1,465.4,47.7,5.85,Hujan
25.07,82.1,975.3,5.5,36.72,48.5,718.9,26.8,58.8,7.77,Hujan
25.96,52.2,995.8,12.9,12.04,19.2,521.9,220.8,34.7,6.88,Hujan
28.28,66.9,965.7,29.0,8.31,51.7,421.1,1.2,14.2,5.81,Hujan
34.77,79.6,967.3,20.8,8.44,16.7,951.4,111.5,20.2,4.45,Cerah
20.23,85.7,1009.9,21.1,,71.7,932.6,142.3,26.6,5.97,Hujan
25.0,76.9,994.4,24.2,18.85,70.9,1172.8,205.9,16.4,6.71,Hujan
30.72,49.6,1000.0,2.0,46.8,27.9,660.5,266.0,44.8,7.54,Cerah
24.91,77.4,995.1,14.0,6.58,35.0,1084.2,131.3,23.3,4.53,Hujan
23.56,92.3,981.5,24.7,47.88,47.4,249.7,157.2,30.1,6.64,Hujan
20.77,65.8,950.8,16.5,10.3,15.0,1010.7,378.7,46.0,7.32,Hujan
21.76,92.1,1012.2,17.6,39.88,71.6,749.9,332.9,16.5,7.31,Hujan
28.31,60.1,992.1,26.9,,,1053.9,320.5,29.5,4.22,Hujan
31.19,46.4,993.6,19.1,49.83,6.8,1143.7,456.9,23.5,6.94,Cerah
24.06,88.9,974.2,13.9,39.17,89.4,989.7,15.6,35.4,5.41,Hujan
28.72,48.1,971.8,20.0,25.39,40.5,491.1,344.8,39.5,6.97,Hujan
25.83,92.4,954.4,8.9,14.7,93.3,543.9,471.7,41.6,7.69,Hujan
32.0,49.6,954.8,26.6,5.49,48.0,1137.5,52.3,50.5,4.22,Cerah
27.11,74.7,1004.3,19.3,32.26,47.8,399.5,495.1,37.1,5.5,Hujan
33.15,68.6,966.9,13.0,4.87,6.7,355.5,189.0,16.4,7.04,Cerah
27.48,82.5,982.0,30.0,8.44,58.1,1044.9,295.9,20.7,4.8,Hujan
21.3,42.2,964.6,23.1,2.68,74.2,197.7,36.1,19.8,5.15,Hujan
28.39,96.2,990.6,10.6,31.78,44.3,433.7,486.6,44.8,4.02,Hujan
22.8,47.0,1001.7,0.7,33.55,5.6,267.2,435.5,22.6,6.82,Hujan
29.34,78.2,957.6,11.3,21.64,42.8,897.0,182.1,11.4,7.77,Hujan
22.81,85.9,978.3,0.6,48.79,64.6,180.0,418.9,19.4,7.34,Hujan
32.54,67.1,1019.5,6.5,48.55,50.9,405.3,33.2,29.8,6.22,Cerah
26.58,44.8,985.5,21.7,13.85,33.6,497.9,483.4,33.8,5.06,Hujan
29.65,52.6,979.5,8.2,30.22,22.7,612.3,226.9,16.6,7.32,Hujan
27.85,66.1,1005.6,12.1,28.78,30.4,239.6,223.4,57.8,4.42,Hujan
24.35,88.9,959.8,19.1,28.2,97.0,1174.1,360.2,35.0,7.77,Hujan
32.29,83.8,1010.4,26.1,38.49,,134.2,419.3,39.4,7.26,Cerah
20.68,63.8,983.8,10.6,1.26,22.5,1145.6,210.4,14.6,4.02,Hujan
28.18,77.9,984.0,7.9,26.17,69.5,616.8,424.8,32.7,4.78,Hujan
22.54,81.1,1011.5,10.1,8.1,86.3,540.4,160.3,30.6,7.08,Hujan
21.46,74.9,980.4,26.9,20.04,87.8,337.0,222.2,49.7,4.52,Hujan
28.64,61.2,1016.1,24.6,45.47,27.2,341.3,493.2,34.0,4.52,Hujan
25.97,64.2,954.1,11.4,,16.7,378.5,482.3,45.5,4.28,Hujan
26.96,76.2,985.8,19.8,36.75,47.4,1162.6,430.6,19.3,6.59,Hujan
22.6,62.8,995.1,7.1,18.15,85.1,480.2,384.9,57.4,5.82,Hujan
20.35,70.9,1005.2,5.6,41.96,34.2,1010.4,201.4,21.3,5.64,Hujan
26.22,,964.7,29.2,37.49,,127.3,292.7,32.2,7.56,Hujan
26.22,54.4,975.0,19.7,19.61,23.6,313.0,307.3,46.6,5.63,Hujan
30.55,69.7,1001.2,22.1,16.18,8.0,1126.5,313.1,58.2,5.29,Cerah
29.64,92.4,958.4,2.3,30.25,40.6,1165.3,380.2,25.9,7.15,Hujan
25.79,47.9,953.1,19.1,33.33,99.0,740.4,186.6,48.2,6.02,Hujan
29.77,87.1,970.8,2.5,42.42,2.0,840.3,450.6,53.2,4.05,Hujan
29.36,48.2,994.5,26.5,40.12,68.7,548.7,331.2,15.1,7.73,Hujan
33.11,59.7,975.8,4.9,40.25,68.0,1070.7,466.0,22.3,6.05,Cerah
26.78,57.6,952.0,6.6,25.17,53.5,545.5,47.5,23.1,6.65,Hujan
24.26,73.2,1007.6,10.2,41.82,67.6,376.3,358.2,36.9,7.78,Hujan
31.7,47.8,976.6,11.8,30.86,28.3,179.8,473.7,13.3,6.28,Cerah
23.36,87.7,1017.4,20.8,11.69,75.6,485.8,254.6,37.9,5.61,Hujan
33.58,75.1,1019.2,7.2,19.11,32.1,663.3,87.9,35.5,4.8,Cerah
20.22,53.7,992.3,5.1,21.99,8.7,691.9,471.1,50.2,5.76,Hujan
20.08,56.4,970.5,13.2,4.3,87.0,542.5,191.6,25.3,7.17,Hujan
21.23,59.5,1001.9,23.9,5.45,24.5,140.0,198.6,15.3,4.42,Hujan
25.38,53.1,1018.9,4.6,38.43,48.3,706.9,278.4,28.5,6.89,Hujan
20.7,89.7,995.8,19.0,18.02,12.1,211.3,76.1,50.3,5.7,Hujan
34.17,47.3,1008.4,3.9,29.4,10.4,375.4,350.6,26.2,5.76,Cerah
29.16,44.1,986.3,0.9,44.0,30.9,915.0,339.1,40.3,6.21,Hujan
20.43,64.7,971.0,14.6,33.95,73.6,158.2,253.9,39.7,6.02,Hujan
33.72,47.7,1019.5,28.0,18.87,88.7,503.3,302.8,35.2,7.56,Cerah
30.01,56.4,969.0,6.9,37.26,35.5,229.3,104.7,36.5,5.99,Cerah
32.53,89.1,1018.5,14.7,19.44,98.5,637.8,26.0,28.2,7.28,Cerah
31.45,63.5,979.6,20.1,37.99,28.5,776.9,56.9,32.2,4.12,Cerah
25.3,80.1,984.5,6.3,30.51,33.4,243.7,39.2,58.9,5.86,Hujan
28.06,78.6,972.5,6.3,27.23,17.4,336.8,225.8,53.9,5.98,Hujan
28.14,84.3,1005.0,8.0,5.14,3.7,973.4,300.5,10.7,5.86,Hujan
23.78,60.9,987.9,27.6,6.73,12.6,497.8,66.3,45.2,4.79,Hujan
20.34,45.6,1013.1,0.8,12.85,71.8,143.5,130.3,39.7,4.37,Hujan
25.2,98.1,956.7,14.5,8.38,7.1,334.9,168.0,26.5,6.15,Hujan
21.91,96.2,979.2,6.1,8.41,13.0,559.8,376.7,32.4,6.25,Hujan
,83.2,954.2,22.3,6.61,31.6,888.9,430.8,41.0,7.06,Cerah
21.53,99.5,992.5,16.5,41.48,61.8,1082.9,178.8,37.7,5.22,Hujan
32.8,77.0,958.0,18.9,48.47,47.5,194.7,406.2,49.9,5.23,Cerah
25.13,62.1,965.8,9.3,10.29,77.8,982.1,398.0,41.4,4.0,Hujan
23.82,,951.2,8.4,41.01,65.7,827.6,268.7,13.4,5.41,Hujan
34.64,92.3,977.8,10.5,4.01,53.6,587.4,456.9,20.1,4.56,Cerah
25.38,47.8,1016.0,7.4,21.53,67.7,277.1,43.8,29.3,6.99,Hujan
23.93,96.4,951.8,27.1,22.34,95.2,579.7,76.9,37.7,4.74,Hujan
22.77,41.3,955.7,7.9,10.08,51.9,1129.8,243.5,16.9,6.07,Hujan
24.4,77.0,987.7,4.4,7.36,91.5,987.4,353.0,26.1,6.87,Hujan
30.98,92.4,1013.4,7.5,38.01,85.5,1059.6,415.6,14.8,6.9,Cerah
29.27,97.8,956.2,25.9,20.02,62.6,644.3,83.4,29.9,5.34,Hujan
27.55,92.0,994.5,6.4,39.22,73.3,108.1,164.7,51.5,4.45,Hujan
26.32,84.7,986.6,25.3,46.3,9.9,388.8,22.1,40.3,7.67,Hujan
32.74,50.9,1001.8,7.7,21.32,14.6,836.2,394.5,16.8,6.54,Cerah
25.98,84.6,1015.9,14.2,29.4,96.1,559.5,256.3,58.4,4.23,Hujan
25.41,85.1,959.2,14.8,3.42,7.2,1121.4,58.4,24.8,4.5,Hujan
30.44,47.2,1011.4,17.2,23.59,29.4,630.7,69.1,22.4,5.16,Cerah
34.24,45.7,994.8,11.1,15.63,12.8,877.5,84.3,13.5,5.35,Cerah
34.23,47.2,1018.0,3.0,49.63,60.1,357.1,293.4,15.5,7.33,Cerah
22.56,75.8,989.6,12.6,13.53,53.2,491.7,142.1,42.1,6.84,Hujan
27.54,53.8,953.4,18.2,27.82,41.9,1102.5,221.2,32.6,4.49,Hujan
25.84,63.0,1018.5,17.5,37.43,77.2,806.3,234.2,10.6,6.2,Hujan
33.51,60.8,997.0,28.6,25.0,76.5,961.0,252.5,26.8,7.74,Cerah
21.74,99.8,998.1,5.8,32.2,,659.6,259.2,31.6,6.87,Hujan
28.98,,967.5,18.7,7.69,34.0,774.4,383.4,56.1,5.74,Hujan
29.1,69.3,1001.8,20.3,5.4,97.7,199.5,467.0,43.2,7.73,Hujan
20.68,51.7,993.9,25.6,27.53,10.6,659.3,304.7,26.0,6.5,Hujan
33.84,40.7,963.3,17.0,31.75,16.4,679.5,131.7,33.8,7.72,Cerah
,,956.1,11.2,23.84,47.7,513.8,416.5,18.9,5.01,Hujan
21.15,49.2,1018.8,18.4,28.84,96.6,1138.1,208.0,48.5,6.87,Hujan
22.14,67.3,992.2,17.4,33.88,60.7,893.6,143.1,20.0,7.29,Hujan
21.11,80.8,981.6,3.2,13.8,23.7,698.5,318.7,39.3,7.05,Hujan
24.66,96.7,987.7,21.0,10.94,19.5,367.8,324.1,44.2,5.32,Hujan
26.98,45.3,1018.0,11.6,43.6,98.4,1054.5,272.4,32.1,6.44,Hujan
24.96,65.1,982.5,6.1,31.27,83.7,515.1,216.4,20.7,5.32,Hujan
30.42,49.5,1006.0,6.3,,54.2,364.8,114.2,20.2,5.3,Cerah
34.21,71.1,1019.6,29.4,16.51,21.1,705.6,290.7,43.4,4.08,Cerah
30.02,73.3,960.6,21.9,19.34,46.4,640.9,245.3,10.5,6.92,Cerah
31.26,77.0,995.2,7.5,8.49,39.4,584.7,343.0,52.9,5.95,Cerah
24.2,53.2,971.7,17.5,24.06,99.9,495.4,351.4,32.1,5.71,Hujan
22.26,95.6,1000.6,6.3,1.13,64.4,271.3,28.2,52.3,5.58,Hujan
24.42,93.2,1001.9,21.9,16.39,98.5,517.3,340.3,35.7,4.49,Hujan
33.42,77.2,1007.2,23.5,29.87,17.5,331.3,89.2,40.8,6.42,Cerah
22.34,79.5,1003.2,25.0,13.41,8.8,1158.6,188.4,28.2,5.36,Hujan
,77.4,983.2,29.0,3.38,35.4,346.0,70.6,47.2,6.99,Cerah
25.62,,964.1,21.2,,50.6,160.9,191.8,22.6,7.82,Hujan
26.41,51.2,994.4,3.1,4.08,26.2,1037.8,21.8,19.6,4.34,Hujan
30.46,63.5,991.4,14.2,32.41,29.1,1179.6,95.7,42.9,5.19,Cerah
28.79,65.3,954.7,11.5,31.28,97.7,604.0,472.9,36.5,4.65,Hujan
32.93,47.9,969.8,19.7,29.82,81.3,735.9,178.9,42.5,7.64,Cerah
30.45,44.3,1018.7,5.2,6.12,96.4,207.8,116.8,16.3,5.66,Cerah
21.77,49.8,1007.6,11.1,3.1,22.4,760.6,215.5,35.7,4.05,Hujan
33.43,60.9,999.3,4.6,15.6,58.2,252.2,301.6,21.1,6.78,Cerah
30.45,63.5,1010.0,13.0,3.56,50.5,683.1,87.4,18.5,5.2,Cerah
26.83,54.3,970.0,2.5,13.06,15.6,764.2,54.7,50.5,6.01,Hujan
33.39,,955.8,7.5,7.16,75.8,391.6,346.3,18.6,7.75,Cerah
23.12,73.3,959.0,12.9,0.3,63.2,352.7,288.5,28.3,4.09,Hujan
24.42,87.8,956.6,16.0,18.89,38.6,610.2,426.7,56.1,4.17,Hujan
32.63,46.1,975.1,3.0,29.85,45.8,305.6,364.3,31.3,6.69,Cerah
30.62,69.4,984.1,1.6,2.83,43.0,378.5,104.1,12.0,6.32,Cerah
30.89,98.4,982.2,28.2,1.28,73.9,367.8,65.5,43.9,6.96,Cerah
21.33,61.3,972.2,8.4,18.51,65.6,987.8,452.0,17.7,4.18,Hujan
29.35,45.4,954.6,26.5,11.67,10.6,1162.1,382.6,17.1,5.88,Hujan
25.19,78.2,1005.5,24.8,14.57,10.7,447.5,6.5,42.9,7.75,Hujan
21.93,64.3,997.8,22.9,6.54,46.9,154.1,365.3,48.1,5.63,Hujan
28.48,44.3,993.6,3.1,39.16,97.7,444.1,82.3,35.3,6.58,Hujan
22.66,51.1,966.8,16.7,16.57,36.8,1083.4,217.0,17.6,6.76,Hujan
20.46,63.8,992.8,2.0,27.01,28.2,257.1,361.2,58.5,6.05,Hujan
30.38,67.1,1006.3,20.2,29.28,21.9,235.7,85.4,48.0,7.77,Cerah
34.48,81.7,1018.2,2.4,49.79,30.4,581.6,461.2,44.6,5.09,Cerah
,75.5,959.9,19.8,9.24,49.8,841.0,437.7,17.9,6.75,Hujan
21.25,81.0,974.0,1.6,36.54,12.6,706.9,58.1,49.3,5.27,Hujan
25.9,56.5,991.9,10.6,32.05,88.4,1184.5,55.0,16.3,7.56,Hujan
29.01,,1007.9,0.7,19.75,14.7,928.0,475.1,23.7,6.05,Hujan
22.05,66.4,986.0,19.9,31.16,,250.2,312.5,49.1,5.32,Hujan
33.98,83.0,955.1,16.0,8.21,13.6,1157.8,468.4,16.8,7.7,Cerah
28.04,68.8,1003.5,24.1,25.69,5.1,188.1,416.4,25.5,6.94,Hujan
34.43,100.0,993.4,5.4,33.77,26.7,992.6,186.7,59.8,7.25,Cerah
26.87,77.4,970.7,20.8,38.18,54.4,364.3,270.3,21.7,5.68,Hujan
23.35,92.2,983.3,25.1,47.46,84.5,1127.4,307.1,24.7,6.05,Hujan
24.08,88.3,961.7,16.4,17.58,73.3,622.7,60.9,42.2,4.43,Hujan
25.26,78.3,972.0,25.9,8.95,68.1,395.1,331.9,25.4,5.73,Hujan
32.99,91.0,1004.4,0.4,20.42,,180.2,0.1,22.9,6.31,Cerah
23.63,85.2,966.8,19.5,0.64,,135.7,411.4,19.1,4.5,Hujan
29.09,46.4,1003.6,24.3,25.9,65.0,985.5,30.6,43.7,5.38,Hujan
21.27,98.2,988.8,10.3,43.72,46.0,395.7,319.6,23.5,4.68,Hujan
26.82,72.7,1016.1,8.3,27.67,44.6,784.8,219.7,56.4,6.46,Hujan
21.37,42.5,1002.9,22.9,29.97,97.5,164.1,195.2,21.4,6.33,Hujan
30.8,55.3,981.2,19.7,12.06,82.3,1188.2,448.6,48.6,5.6,Cerah
28.96,,1015.3,7.0,42.25,,122.1,139.4,38.8,5.76,Hujan
20.69,98.5,958.0,26.7,19.05,96.7,367.4,176.2,49.3,5.55,Hujan
22.21,,1018.5,5.9,20.53,65.0,1112.0,290.4,43.9,6.87,Hujan
22.58,80.6,999.7,9.2,24.45,38.9,1142.4,131.3,40.5,5.21,Hujan
26.56,45.7,969.7,20.0,11.03,72.5,716.1,27.6,55.0,7.56,Hujan
33.45,83.5,960.0,14.7,21.37,36.0,923.9,58.8,47.0,5.05,Cerah
32.19,58.7,997.4,8.4,13.44,54.5,710.1,42.3,55.5,4.31,Cerah
34.7,63.5,1012.2,25.1,15.17,36.2,1136.1,197.2,48.4,6.19,Cerah
32.15,53.0,968.6,8.3,9.79,10.3,699.6,381.0,35.2,5.8,Cerah
25.64,96.7,954.0,17.8,16.71,54.5,170.0,325.4,15.9,5.29,Hujan
33.6,74.2,974.3,11.2,40.21,41.1,452.3,302.0,32.1,4.76,Cerah
33.38,99.0,970.8,3.2,23.31,15.2,958.8,473.7,39.5,5.54,Cerah
29.88,66.3,992.9,27.2,20.71,28.8,141.3,248.1,52.6,7.51,Hujan
23.02,88.8,967.3,4.9,37.11,16.7,1157.7,466.8,27.8,4.74,Hujan
29.78,49.8,951.3,5.4,27.22,32.6,541.1,133.6,10.8,4.26,Hujan
21.74,97.0,1004.0,28.3,11.31,42.9,492.2,369.1,34.3,4.82,Hujan
20.77,91.0,984.6,23.6,36.45,62.4,787.6,221.5,26.0,5.64,Hujan
28.11,43.1,985.9,16.8,,76.2,633.8,137.4,45.4,7.39,Hujan
20.55,45.8,984.6,23.8,32.29,54.6,711.5,450.6,24.2,4.19,Hujan
30.83,66.3,961.6,17.0,15.39,14.6,598.8,401.7,21.5,7.98,Cerah
33.66,74.8,1009.8,29.2,36.73,50.4,948.6,207.5,10.0,4.35,Cerah
22.6,92.1,955.6,19.0,41.02,9.1,816.1,346.9,19.0,7.37,Hujan
,62.0,1018.7,17.8,37.11,98.7,640.5,339.3,48.3,6.5,Cerah
28.93,43.7,986.3,21.5,22.9,96.8,355.3,183.4,24.5,7.44,Hujan
25.06,53.2,986.9,16.3,31.69,1.6,185.2,81.1,28.7,5.07,Hujan
22.02,70.4,951.2,25.4,29.77,25.2,433.0,177.6,21.9,7.2,Hujan
21.18,93.7,1011.2,19.7,47.04,61.5,676.7,263.3,23.5,5.4,Hujan
21.0,58.2,1004.6,28.1,10.21,79.6,1010.3,2.7,21.0,6.86,Hujan
23.79,67.0,977.1,18.8,25.53,9.1,869.5,375.3,44.3,5.54,Hujan
25.62,,968.3,20.2,28.6,39.4,813.1,19.4,46.0,7.65,Hujan
26.13,71.6,969.2,14.5,36.1,27.9,895.9,19.6,53.3,7.22,Hujan
24.84,78.4,958.4,22.2,39.25,89.6,1122.9,277.1,47.2,4.01,Hujan
30.07,73.0,978.5,14.5,32.47,4.9,653.1,126.3,28.7,4.13,Cerah
29.66,70.4,1012.5,4.7,9.83,62.8,782.0,470.1,43.6,5.05,Hujan
34.95,83.0,970.6,9.8,12.34,69.2,1118.8,112.3,37.9,5.45,Cerah
28.31,85.7,1005.3,16.1,17.89,69.3,228.8,6.4,42.5,7.52,Hujan
24.8,79.8,997.4,22.4,49.48,34.8,165.7,181.8,32.7,4.67,Hujan
27.68,77.9,962.2,4.8,22.21,2.1,160.0,189.2,34.3,4.13,Hujan
26.41,73.1,996.8,18.2,33.82,61.0,965.4,241.0,10.0,7.85,Hujan
25.11,60.2,1012.3,27.0,47.3,71.8,1189.7,139.1,49.4,5.51,Hujan
31.87,59.0,961.2,22.9,4.92,19.2,1187.2,98.1,38.6,7.7,Cerah
,89.2,1006.6,17.4,7.69,94.3,744.2,331.0,42.4,6.93,Hujan
28.75,42.1,979.2,7.5,15.38,37.6,807.7,401.6,47.8,6.23,Hujan
21.79,96.6,1004.3,13.5,36.71,3.6,560.8,45.5,53.1,5.73,Hujan
28.65,44.6,953.0,12.5,40.59,28.1,441.0,237.7,25.7,7.0,Hujan
21.7,60.5,964.9,8.7,33.63,83.0,331.1,204.8,17.6,5.63,Hujan
27.67,68.8,1016.5,25.1,30.09,47.2,750.0,215.1,36.0,6.88,Hujan
23.07,84.0,1011.3,24.7,4.03,24.6,1085.9,424.4,17.0,4.4,Hujan
34.8,57.2,973.1,20.3,42.34,1.2,362.7,91.5,38.5,4.53,Cerah
20.56,48.0,969.6,26.3,3.96,18.4,528.4,39.0,44.7,6.2,Hujan
23.33,69.8,950.9,24.7,10.89,51.5,931.9,230.4,40.4,6.98,Hujan
20.78,41.9,1006.2,13.0,4.03,78.4,961.2,64.5,49.4,5.06,Hujan
20.86,99.2,970.2,25.1,15.77,44.5,579.7,234.6,16.5,7.8,Hujan
28.32,50.9,1007.5,24.1,1.1,8.3,1145.8,107.3,16.3,7.02,Hujan
24.27,56.0,983.0,8.1,45.92,40.6,961.5,466.8,57.5,6.94,Hujan
,48.9,982.1,1.2,36.43,41.1,388.5,207.9,10.6,5.61,Hujan
26.89,53.9,958.6,14.5,46.73,4.0,1069.9,335.9,23.5,5.1,Hujan
24.85,44.6,1012.3,18.5,0.81,,212.6,369.3,13.2,6.21,Hujan
31.66,69.8,968.9,13.6,21.0,29.0,1025.2,268.2,43.7,5.79,Cerah
21.35,49.6,983.0,1.7,30.36,14.8,380.1,355.6,28.8,7.84,Hujan
28.89,59.1,968.0,20.1,36.9,72.6,892.0,191.7,36.2,7.99,Hujan
25.96,97.3,982.2,22.0,40.94,71.9,281.2,162.2,30.6,5.69,Hujan
29.5,77.3,989.2,9.8,,92.9,1131.2,88.2,20.4,7.24,Hujan
31.26,98.2,999.4,1.2,4.9,57.1,407.7,143.1,39.8,5.85,Cerah
23.15,91.7,963.4,18.4,38.76,85.2,1099.3,395.1,11.4,4.22,Hujan
28.86,57.2,972.8,12.3,4.83,76.9,256.4,120.9,19.7,5.14,Hujan
34.85,,1006.5,26.5,21.11,26.6,999.8,15.5,35.2,4.69,Cerah
34.44,89.5,1007.3,11.1,17.14,57.6,613.0,472.9,16.0,5.62,Cerah
23.4,,1009.9,4.8,26.59,3.4,1020.1,374.9,24.9,4.3,Hujan
20.87,81.5,981.5,27.2,18.05,77.7,670.2,266.8,47.8,5.2,Hujan
33.49,68.9,1004.7,6.4,2.69,69.2,1194.0,299.7,35.2,6.75,Cerah
34.54,87.9,958.7,14.7,29.69,76.6,681.0,435.8,42.7,5.12,Cerah
,41.1,1011.4,8.1,30.16,8.5,606.7,37.2,44.3,6.07,Cerah
28.85,58.3,966.1,1.2,44.22,40.6,557.7,440.3,46.6,5.31,Hujan
33.81,41.3,961.4,18.4,25.59,28.1,975.1,215.8,27.3,7.11,Cerah
29.68,98.1,955.5,18.5,35.11,3.8,1053.5,331.0,41.5,5.98,Hujan
20.55,92.7,1007.5,11.1,32.49,88.0,284.9,360.0,11.1,5.64,Hujan
27.59,,989.9,17.8,3.01,96.5,538.3,214.4,17.0,4.06,Hujan
,79.1,996.7,11.7,1.05,50.5,516.6,169.3,14.8,6.94,Hujan
29.86,97.1,999.3,15.4,15.39,30.0,978.3,473.0,53.6,4.37,Hujan
32.0,61.3,962.7,8.0,44.04,64.8,722.5,39.8,51.4,6.46,Cerah
30.47,71.1,1007.9,8.6,29.96,51.9,321.3,271.4,31.2,6.07,Cerah
21.8,,989.2,28.0,33.09,,693.6,335.7,58.5,6.08,Hujan
31.99,85.9,962.5,2.5,48.77,1.3,1141.6,327.4,22.6,5.8,Cerah
31.96,87.2,988.3,19.8,16.87,2.8,572.8,167.1,57.4,7.18,Cerah
29.9,96.2,1015.7,16.1,31.62,94.1,983.0,461.1,17.5,6.88,Hujan
27.43,87.4,989.3,29.1,14.47,59.2,239.8,197.4,23.4,5.27,Hujan
24.33,41.5,997.4,28.8,25.28,44.8,828.0,207.2,58.1,4.92,Hujan
23.43,81.8,969.4,17.7,44.52,76.7,315.6,440.7,47.1,4.89,Hujan
21.92,65.7,966.9,3.8,33.59,92.9,310.2,260.9,35.7,5.42,Hujan
,86.0,982.4,18.1,40.92,43.8,619.1,401.3,26.8,7.44,Hujan
33.43,68.5,992.4,24.2,34.22,89.6,1077.5,108.4,20.5,5.63,Cerah
25.61,80.4,1003.3,6.3,11.23,13.4,895.1,67.1,42.7,4.95,Hujan
,69.3,1012.3,10.3,38.9,43.0,729.5,440.9,26.4,7.97,Hujan
22.05,44.1,971.7,11.8,16.39,76.5,1102.7,227.7,58.9,7.79,Hujan
26.84,,979.3,1.7,33.65,93.0,199.8,301.9,21.5,6.07,Hujan
33.03,64.4,952.8,20.0,7.94,85.8,177.6,325.4,36.0,7.64,Cerah
21.94,71.5,1003.8,1.9,4.39,46.7,767.7,196.8,53.9,6.37,Hujan
35.0,76.6,1008.0,23.9,9.93,13.3,1091.8,59.6,10.9,7.73,Cerah
32.09,73.5,1009.0,23.9,15.12,55.1,651.9,485.6,10.7,6.89,Cerah
21.72,62.1,1017.4,10.4,22.03,75.5,718.1,468.0,35.9,5.71,Hujan
24.03,75.3,1006.5,18.1,23.25,77.7,543.3,426.7,39.7,5.78,Hujan
27.11,44.3,958.5,17.9,,91.0,606.8,327.1,33.1,5.24,Hujan
31.63,71.7,983.9,14.5,34.45,80.5,1145.3,263.6,18.8,6.19,Cerah
32.34,72.0,980.7,14.0,1.2,32.3,1106.7,163.5,39.8,6.44,Cerah
25.65,78.8,951.3,2.6,26.07,80.8,1029.9,142.6,57.8,5.88,Hujan
33.03,81.7,972.8,28.4,47.6,10.9,1127.9,323.9,36.4,5.11,Cerah
28.14,94.1,1009.1,9.8,9.36,40.5,630.1,15.4,52.9,5.57,Hujan
33.16,40.7,992.5,23.8,32.98,97.2,1026.8,402.9,50.8,7.24,Cerah
25.99,,950.8,24.7,40.98,58.1,1125.8,470.3,27.9,5.84,Hujan
31.4,49.1,1004.1,0.3,20.95,16.9,208.4,16.7,50.3,4.75,Cerah
22.56,78.5,951.0,23.2,47.1,91.5,1050.8,307.5,18.8,5.25,Hujan
22.11,74.9,958.3,24.7,32.28,81.6,662.7,103.1,46.0,4.65,Hujan
34.81,54.6,998.1,2.1,9.81,11.4,1178.8,393.5,32.9,6.12,Cerah
31.3,90.3,963.6,21.5,39.96,62.0,632.6,128.0,52.9,6.86,Cerah
26.48,94.9,951.5,2.1,14.86,56.0,700.9,178.2,32.8,4.16,Hujan
33.94,99.7,971.0,9.4,16.04,30.2,556.6,477.1,52.3,6.0,Cerah
29.41,40.3,960.4,27.6,28.51,72.7,111.1,248.2,56.6,7.22,Hujan
33.56,77.4,1006.2,23.3,6.91,83.6,525.1,410.3,32.4,5.98,Cerah
21.52,80.0,970.2,13.3,46.12,6.4,666.7,105.2,53.1,5.16,Hujan
33.58,94.5,989.1,8.1,22.09,37.1,280.7,289.6,49.5,7.22,Cerah
20.95,92.7,1013.6,17.6,37.35,,384.0,242.1,15.3,7.02,Hujan
24.07,,985.9,2.8,10.52,92.3,466.6,260.1,22.9,7.41,Hujan
24.04,99.5,1016.6,8.7,37.59,1.7,193.9,28.2,40.3,5.75,Hujan
33.01,86.8,984.1,21.7,7.57,29.8,172.2,320.8,13.5,6.65,Cerah
20.54,71.1,969.4,2.3,29.76,71.0,725.7,252.0,52.4,6.93,Hujan
25.82,94.7,950.8,23.9,2.98,60.3,171.4,352.2,50.6,6.08,Hujan
21.06,69.2,1000.7,5.6,27.06,53.3,1112.8,84.2,19.9,4.31,Hujan
20.17,81.4,981.1,15.0,34.6,36.7,777.0,303.9,42.1,5.52,Hujan
30.53,48.5,994.4,10.0,6.34,94.0,1028.0,379.2,29.9,4.09,Cerah
32.49,96.6,1013.5,9.2,34.86,53.5,1176.8,139.8,41.8,4.34,Cerah
33.87,78.0,952.3,9.3,34.11,13.4,228.0,390.0,13.4,4.46,Cerah
22.94,,974.0,5.7,8.17,77.2,654.1,94.5,40.9,7.17,Hujan
30.08,92.4,1009.9,21.9,23.45,,326.5,228.6,32.1,6.26,Cerah
33.81,80.2,957.1,2.6,15.85,83.9,901.3,224.2,57.5,7.44,Cerah
25.52,96.6,966.9,0.6,40.5,35.5,503.4,151.1,54.9,5.07,Hujan
25.95,84.2,972.5,25.2,11.95,82.2,186.4,74.1,24.3,4.25,Hujan
29.96,41.5,976.6,29.2,23.76,79.1,318.8,491.3,15.8,4.27,Hujan
31.18,61.6,953.7,5.1,42.45,35.2,296.2,406.2,39.2,4.9,Cerah
25.37,69.0,984.1,4.6,40.59,7.5,194.7,23.3,35.7,4.43,Hujan
27.39,75.7,985.2,10.8,,,913.5,0.6,54.3,4.58,Hujan
27.98,87.7,961.7,10.5,43.07,18.8,677.1,491.8,30.5,6.66,Hujan
30.36,86.8,969.5,19.9,29.14,88.5,717.8,495.8,21.8,4.93,Cerah
22.29,91.1,970.7,13.1,35.47,78.1,932.5,138.7,37.9,6.98,Hujan
27.87,88.4,963.9,3.3,5.63,31.4,169.6,263.9,20.7,4.64,Hujan
23.6,48.2,993.7,9.8,48.28,5.5,551.3,337.6,33.5,7.22,Hujan
26.13,90.4,979.4,24.8,11.87,83.0,474.2,446.0,10.2,4.84,Hujan
31.65,71.2,960.0,9.8,2.28,58.3,862.7,268.3,45.8,6.91,Cerah
28.04,84.6,1008.9,15.1,19.0,46.9,509.5,349.7,34.0,5.47,Hujan
34.45,95.3,991.9,26.1,29.23,45.7,892.1,81.5,55.7,4.8,Cerah
21.61,95.6,999.9,2.8,6.87,,803.3,333.7,24.5,5.14,Hujan
,67.7,1015.9,28.0,44.18,48.6,1124.9,411.3,44.5,6.69,Hujan
24.28,89.0,972.1,13.5,34.85,74.8,243.3,171.2,50.5,7.13,Hujan
24.78,92.2,969.3,23.3,24.16,79.4,143.4,39.3,29.4,4.99,Hujan
34.26,56.2,984.0,0.7,33.52,,1042.2,127.1,27.5,7.02,Cerah
30.6,99.3,1011.6,17.9,34.13,97.2,437.8,251.8,51.7,5.48,Cerah
32.12,72.2,1012.6,2.7,4.49,70.1,699.3,95.6,43.2,5.84,Cerah
22.88,,969.9,11.2,20.27,66.2,1112.8,498.7,36.0,4.97,Hujan
29.05,64.6,974.2,11.8,10.2,94.7,539.7,157.5,36.0,6.28,Hujan
34.86,54.2,976.2,9.7,9.26,13.9,197.0,324.9,40.3,7.8,Cerah
33.61,99.7,1005.5,7.8,14.8,31.6,239.3,130.8,50.1,4.54,Cerah
29.5,75.6,995.8,6.0,30.05,28.5,396.7,258.6,30.4,5.3,Hujan
24.93,47.3,952.7,19.6,1.2,31.6,1107.0,90.9,38.5,5.06,Hujan
27.03,55.4,969.5,4.4,21.48,3.4,1198.4,306.3,11.1,5.84,Hujan
27.03,80.6,993.8,20.7,7.0,39.1,546.3,202.4,29.1,7.49,Hujan
21.37,92.1,981.8,1.2,27.74,,1134.8,298.6,29.0,6.03,Hujan
31.41,76.5,964.3,12.0,23.93,83.4,472.6,344.6,39.3,5.95,Cerah
22.09,74.8,991.3,28.2,21.19,7.9,452.6,410.9,29.7,7.29,Hujan
27.08,53.9,976.6,7.6,2.25,11.9,123.3,42.9,54.2,6.45,Hujan
32.83,52.0,981.9,27.2,29.97,33.5,285.1,24.9,57.0,6.53,Cerah
23.7,66.2,1000.3,10.1,36.56,66.6,273.1,396.1,50.9,4.13,Hujan
27.31,,999.9,12.0,36.9,96.6,153.3,356.0,11.9,7.48,Hujan
27.89,76.2,988.1,6.7,22.24,98.8,241.6,168.6,43.4,4.01,Hujan
26.91,71.1,985.8,5.5,44.85,59.8,228.4,335.1,30.4,7.1,Hujan
25.19,46.2,986.4,17.4,15.61,97.3,1039.8,447.4,55.4,5.59,Hujan
31.99,,950.3,4.3,3.12,67.1,940.5,89.4,55.6,4.99,Cerah
31.56,53.8,970.1,5.7,16.6,4.5,325.5,178.4,36.6,6.05,Cerah
34.55,99.3,954.4,8.6,,70.7,999.6,403.0,32.4,5.47,Cerah
32.88,65.9,960.8,24.8,14.83,,648.0,81.2,39.5,4.04,Cerah
28.33,56.4,951.0,9.0,15.32,79.5,110.0,250.1,49.4,7.38,Hujan
33.64,77.6,958.0,12.1,30.97,66.7,276.9,75.3,45.3,5.03,Cerah
20.52,59.1,986.6,3.4,23.38,19.2,570.3,323.0,12.0,7.9,Hujan
23.72,69.9,953.6,20.1,40.72,51.0,158.0,286.7,33.2,7.24,Hujan
22.8,70.4,958.8,3.2,4.75,13.0,1185.2,229.1,44.3,4.69,Hujan
21.17,67.8,1010.6,26.6,6.66,88.9,128.4,425.2,37.8,5.71,Hujan
,75.4,984.8,5.0,30.05,86.7,312.1,326.9,14.7,4.23,Cerah
22.58,44.8,984.8,16.6,11.61,68.3,377.2,5.9,27.4,5.37,Hujan
29.3,97.6,982.9,5.5,0.5,63.1,1020.5,131.0,21.5,4.97,Hujan
20.47,43.5,1014.1,2.8,31.57,,487.8,4.6,50.8,6.31,Hujan
26.62,40.3,958.1,16.9,11.85,,1142.3,50.3,15.8,5.14,Hujan
34.05,85.7,998.6,24.4,,53.8,317.5,105.3,12.0,6.25,Cerah
32.19,92.1,980.8,29.4,20.48,7.3,754.8,169.8,19.0,5.9,Cerah
24.4,42.4,976.9,9.4,20.77,35.3,524.1,152.4,48.8,6.39,Hujan
25.6,89.1,1012.6,11.9,19.11,21.1,653.4,419.6,55.9,5.14,Hujan
20.3,78.2,964.5,28.7,40.05,35.9,453.9,274.8,11.7,5.46,Hujan
32.26,60.8,968.7,22.5,13.53,23.5,821.0,468.8,10.5,6.03,Cerah
25.8,,995.0,26.5,40.62,8.7,287.9,385.2,46.5,7.19,Hujan
33.96,89.7,974.2,29.9,42.11,37.2,405.7,30.8,45.2,4.03,Cerah
24.02,92.6,950.1,8.2,27.7,92.7,1175.6,206.5,48.8,7.63,Hujan
29.17,80.8,968.2,22.2,14.88,91.6,448.6,326.1,45.8,5.06,Hujan
21.24,47.1,963.7,17.2,,,684.5,439.4,23.2,6.35,Hujan
33.94,48.0,973.6,20.3,38.78,,863.5,46.8,26.8,6.22,Cerah
33.16,55.5,980.2,7.8,,0.9,371.3,280.6,52.6,5.5,Cerah
27.78,78.6,1001.0,27.8,17.85,30.9,694.8,334.7,42.2,6.97,Hujan
34.1,52.9,997.2,27.3,22.21,79.9,713.7,344.1,19.8,4.43,Cerah
30.44,69.5,980.1,6.2,22.59,55.0,829.8,21.9,59.1,4.68,Cerah
26.76,50.9,1002.7,20.2,4.08,52.8,605.9,202.3,33.5,4.14,Hujan
20.61,79.0,976.9,22.5,2.73,,919.2,117.0,33.1,4.85,Hujan
22.75,95.5,978.8,10.0,,21.2,928.8,432.8,48.6,4.3,Hujan
34.32,98.6,1007.7,23.5,40.48,5.5,189.6,34.0,13.3,4.73,Cerah
33.41,46.6,999.5,12.9,23.04,43.8,1199.1,445.9,20.5,4.79,Cerah
21.41,65.9,956.8,2.5,44.9,16.8,309.4,65.8,14.9,6.13,Hujan
22.06,72.5,985.9,20.6,15.29,91.3,450.7,250.7,14.7,4.02,Hujan
21.13,69.0,1007.2,6.8,41.95,4.5,1018.5,109.9,37.7,7.64,Hujan
24.38,95.5,1015.6,20.6,33.62,95.3,1041.8,479.8,50.1,5.94,Hujan
20.4,94.0,1013.2,20.9,11.02,16.9,694.6,492.5,24.1,7.34,Hujan
23.69,52.5,959.6,25.2,5.27,70.3,465.2,321.4,45.4,4.19,Hujan
26.8,,969.8,18.4,,51.8,1099.9,99.1,50.9,6.09,Hujan
27.37,55.5,1002.6,26.7,22.13,81.1,372.2,472.0,51.1,6.7,Hujan
31.42,70.9,1007.9,29.7,27.35,8.9,1135.4,230.1,39.4,4.76,Cerah
32.78,76.1,957.8,4.1,1.01,38.5,674.0,204.5,14.6,7.79,Cerah
,84.9,970.2,11.5,7.79,43.2,1110.4,438.3,35.6,7.98,Hujan
33.48,59.4,952.9,25.8,48.17,71.8,815.3,56.3,28.9,5.91,Cerah
30.7,85.4,994.3,22.5,6.0,75.7,553.2,244.3,43.7,4.63,Cerah
,70.8,986.6,25.2,46.44,11.8,720.1,63.6,58.8,6.81,Hujan
31.33,90.4,955.4,2.5,46.59,27.5,930.4,264.3,48.6,6.79,Cerah
21.12,61.3,961.5,7.5,33.69,92.1,217.5,77.4,32.5,4.12,Hujan
25.56,73.7,980.4,6.5,7.33,82.1,633.6,78.6,35.1,5.56,Hujan
,59.6,959.8,14.0,27.62,46.0,328.3,103.9,39.4,7.39,Hujan
22.23,96.6,990.4,4.8,8.95,87.4,1100.4,410.4,11.0,4.46,Hujan
21.26,48.4,1017.3,21.2,3.64,59.6,952.1,11.5,58.1,5.19,Hujan
27.34,80.8,1007.8,12.8,17.83,76.0,169.2,445.1,57.2,5.98,Hujan
30.94,65.7,1010.9,26.0,28.77,51.8,138.7,91.3,22.5,6.96,Cerah
22.46,58.4,1002.3,4.5,6.02,82.1,605.6,263.7,18.8,4.55,Hujan
34.79,,968.2,24.1,9.04,34.8,1165.7,278.7,38.3,7.88,Cerah
27.94,58.1,1005.2,24.9,34.67,93.8,249.2,251.0,36.0,7.82,Hujan
32.15,91.6,976.9,0.3,47.73,12.9,1121.2,482.0,15.4,6.09,Cerah
24.21,91.9,1012.5,6.6,,69.2,808.6,306.6,45.1,4.08,Hujan
24.21,81.7,1010.4,1.6,17.74,66.2,522.0,480.7,35.7,4.75,Hujan
22.8,92.6,993.1,0.4,20.33,48.2,1188.0,32.9,22.1,7.94,Hujan
32.45,82.5,1000.0,11.8,18.16,87.9,151.7,82.0,56.5,6.65,Cerah
33.99,97.3,981.4,29.3,4.57,86.8,1030.1,11.3,45.6,4.3,Cerah
33.8,71.8,1009.4,2.5,7.99,36.1,992.2,428.4,25.1,7.17,Cerah
29.61,99.5,1006.3,5.3,10.34,52.5,431.8,420.0,10.5,4.51,Hujan
32.27,45.2,994.4,20.2,,54.6,660.7,35.2,16.3,5.66,Cerah
32.06,45.5,980.8,22.2,45.86,45.6,824.8,402.2,46.6,6.41,Cerah
33.37,64.2,1000.6,21.0,17.77,70.2,1165.8,256.4,18.6,4.83,Cerah
23.64,48.8,982.5,7.0,26.03,,983.5,296.5,10.6,7.39,Hujan
22.94,64.1,978.8,2.3,2.01,27.7,639.3,123.5,21.7,4.91,Hujan
26.61,72.7,990.7,7.7,16.74,,185.5,313.6,40.8,7.22,Hujan
29.36,99.8,1001.1,0.2,26.73,71.0,320.6,268.7,53.6,4.39,Hujan
21.04,54.3,1001.0,20.8,9.22,17.0,1013.2,450.5,15.7,6.33,Hujan
25.39,76.0,966.6,18.9,40.69,85.8,433.4,242.4,40.6,4.58,Hujan
24.68,54.0,954.7,12.7,,49.0,216.4,364.8,45.4,5.59,Hujan
29.39,42.4,950.7,7.2,31.57,69.3,880.7,470.3,42.3,7.43,Hujan
25.24,92.3,981.3,15.2,9.33,79.8,271.4,270.9,25.8,4.37,Hujan
26.69,56.9,1011.0,4.8,29.87,14.9,783.7,52.2,56.6,4.87,Hujan
27.48,88.7,977.8,13.8,27.35,79.6,1094.5,79.1,57.2,4.48,Hujan
25.89,67.0,1019.4,19.9,25.62,62.9,1138.2,457.3,29.6,6.75,Hujan
27.77,,981.0,0.5,19.36,5.5,1172.2,0.2,11.1,6.53,Hujan
25.56,66.6,1008.4,29.9,19.97,95.3,135.7,322.4,30.8,5.52,Hujan
34.74,58.3,970.1,8.4,44.32,3.3,1044.6,288.9,26.3,6.32,Cerah
30.89,82.5,1015.2,6.6,41.42,43.3,520.6,20.3,12.0,6.99,Cerah
27.1,67.8,955.0,17.4,2.42,94.8,809.8,198.1,37.7,6.17,Hujan
30.79,51.1,1000.9,9.2,48.36,90.8,1026.8,137.4,39.6,6.86,Cerah
,92.0,1008.0,13.6,,13.1,1140.8,308.9,22.6,6.18,Hujan
23.42,79.3,1018.9,22.0,39.61,91.3,982.5,205.0,24.2,5.57,Hujan
28.75,78.2,1017.2,17.3,43.8,27.0,1132.6,171.0,34.8,4.36,Hujan
34.54,92.5,982.1,6.2,46.72,19.8,664.9,439.1,16.4,7.28,Cerah
22.44,83.5,1011.2,15.2,47.9,53.8,726.2,272.2,37.4,4.81,Hujan
28.12,,1018.9,19.8,11.35,67.3,814.1,431.7,18.2,8.0,Hujan
27.46,80.7,999.7,17.5,4.72,58.2,219.2,387.3,42.2,7.85,Hujan
20.18,74.0,965.9,0.6,45.35,68.7,823.7,409.0,21.0,5.86,Hujan
,82.4,994.6,17.3,6.35,86.7,1042.6,125.0,57.8,4.09,Cerah
25.53,81.4,1017.5,7.9,34.13,84.4,288.8,325.3,40.2,5.32,Hujan
28.24,54.8,1013.5,16.5,29.03,28.3,779.9,123.0,16.5,4.84,Hujan
24.37,42.0,996.5,23.5,11.5,85.8,198.4,373.8,54.7,6.64,Hujan
21.7,45.9,1000.3,1.6,42.98,41.6,448.1,10.5,16.1,6.13,Hujan
22.3,49.0,999.8,6.4,5.34,26.5,1008.5,274.5,54.8,5.01,Hujan
26.76,50.4,983.4,1.5,12.35,63.0,467.1,128.5,12.0,7.95,Hujan
20.16,88.3,965.3,29.9,7.13,44.3,446.0,485.3,22.1,6.14,Hujan
23.71,80.9,960.0,10.7,30.77,87.7,1077.1,175.5,54.4,7.1,Hujan
22.77,67.9,1005.2,20.2,42.86,10.2,224.6,430.5,59.8,5.77,Hujan
30.26,43.9,965.8,2.0,32.97,72.8,239.5,268.8,27.3,6.94,Cerah
22.62,72.4,1008.6,5.6,,81.7,679.7,238.0,24.4,4.8,Hujan
33.92,77.6,986.5,5.2,46.74,58.2,767.4,23.5,43.5,7.66,Cerah
31.06,,980.0,25.2,15.52,36.2,843.7,280.3,29.6,7.08,Cerah
22.41,95.8,995.6,4.8,,83.4,918.9,346.4,18.9,4.88,Hujan
22.09,98.6,1014.2,8.1,43.07,,101.6,123.6,57.9,4.89,Hujan
28.47,90.5,952.5,12.1,45.88,2.0,1100.5,68.2,38.7,5.33,Hujan
34.78,77.1,957.0,13.3,,67.6,306.1,135.2,49.8,4.68,Cerah
28.14,61.0,973.2,24.1,,5.0,575.3,141.8,10.9,7.28,Hujan
22.66,53.6,1002.4,5.6,45.46,12.5,502.6,290.1,53.1,4.68,Hujan
25.22,67.1,1015.0,25.9,42.96,97.4,562.3,18.8,23.7,7.3,Hujan
27.54,40.7,959.9,1.7,49.72,99.2,1048.0,150.6,12.7,6.74,Hujan
27.87,74.1,1013.0,12.1,,32.2,701.6,39.3,40.9,7.25,Hujan
32.91,64.5,961.6,2.4,47.3,25.0,430.1,139.1,56.7,6.4,Cerah
29.9,92.3,992.6,23.0,33.61,40.5,700.3,241.2,20.3,6.46,Hujan
28.35,65.8,990.0,4.3,32.91,48.1,704.9,276.2,53.0,5.31,Hujan
25.45,58.3,1009.5,15.3,27.45,85.9,452.6,334.7,20.2,4.78,Hujan
24.33,74.3,1010.0,0.3,24.13,48.4,428.0,299.2,37.8,5.97,Hujan
21.4,44.0,968.2,9.2,37.67,33.2,867.2,279.9,53.7,7.62,Hujan
33.07,74.8,960.6,26.3,17.05,63.1,872.6,454.0,24.0,5.9,Cerah
20.92,99.6,975.2,16.7,40.44,,319.6,160.3,57.9,6.75,Hujan
23.1,44.1,953.3,24.8,42.31,87.0,242.0,94.0,44.4,7.26,Hujan
,97.8,971.4,3.3,20.14,38.8,752.8,116.8,10.3,5.72,Hujan
27.97,96.2,990.0,29.9,,1.1,586.9,215.2,23.0,5.98,Hujan
31.83,72.9,954.4,24.9,49.44,31.0,415.5,98.2,34.6,6.3,Cerah
27.07,86.8,974.4,21.2,12.83,45.3,879.8,118.5,43.2,5.03,Hujan
31.12,46.1,982.1,5.6,20.93,14.1,570.4,374.1,29.4,6.94,Cerah
28.35,91.7,951.4,17.0,,75.9,117.7,384.0,39.3,5.8,Hujan
28.95,90.5,1017.9,12.8,1.96,57.6,142.7,354.6,26.6,6.54,Hujan
32.16,,983.4,11.6,44.83,76.8,899.9,119.6,56.2,6.88,Cerah
30.92,48.0,988.3,24.5,27.53,14.3,1026.8,219.3,10.6,7.48,Cerah
29.94,77.0,1000.6,21.1,21.37,60.2,934.8,191.5,15.0,4.12,Hujan
25.7,48.9,971.3,9.8,27.33,16.5,631.4,246.1,59.3,4.12,Hujan
,92.9,974.4,1.9,42.56,75.6,895.7,230.9,29.2,6.42,Cerah
,89.0,966.8,3.5,19.08,96.0,1124.6,349.0,33.5,7.89,Cerah
20.25,98.9,954.9,7.8,,56.5,788.4,443.4,50.1,7.42,Hujan
24.56,50.8,974.3,22.0,44.3,4.1,245.7,120.7,33.7,4.42,Hujan
26.27,83.1,1011.8,2.0,23.58,92.8,961.1,497.7,42.6,6.13,Hujan
28.2,92.2,988.0,11.9,42.53,33.4,996.1,102.6,53.5,7.81,Hujan
34.05,89.9,961.4,16.3,44.9,,761.9,318.5,39.8,7.9,Cerah
24.11,43.5,968.6,22.7,17.09,41.1,993.2,181.8,33.1,7.75,Hujan
20.4,40.5,1014.8,28.1,20.37,77.6,356.2,410.3,22.6,4.76,Hujan
22.63,75.9,1000.0,29.2,20.09,79.0,591.4,301.5,10.3,5.55,Hujan
29.44,89.1,969.3,4.6,8.07,81.2,751.7,171.5,10.2,4.45,Hujan
21.41,40.6,953.2,26.5,2.93,89.1,885.0,311.3,26.5,4.35,Hujan
21.86,99.0,1009.3,13.3,21.76,9.3,353.8,212.9,54.2,4.68,Hujan
29.88,70.5,964.3,26.4,34.8,66.9,310.2,193.5,26.7,5.49,Hujan
,78.3,982.8,26.7,,5.7,791.0,486.0,37.6,7.71,Hujan
23.0,91.7,1001.2,28.3,19.85,25.9,1062.2,20.0,51.3,6.26,Hujan
,,1014.5,6.9,22.52,4.5,1001.3,446.9,27.0,4.66,Hujan
32.33,82.3,973.8,17.9,39.12,,226.2,113.8,11.1,4.92,Cerah
29.98,53.2,998.8,25.0,2.56,16.0,621.2,31.6,51.2,6.69,Hujan
34.12,84.0,990.4,28.2,,51.5,601.0,240.1,35.9,5.14,Cerah
29.47,64.6,971.0,6.7,9.5,59.8,529.3,211.7,36.3,6.95,Hujan
21.47,83.5,960.6,29.4,39.69,97.0,1061.0,224.3,52.8,7.38,Hujan
25.34,75.3,999.1,23.6,10.8,89.8,239.1,15.5,43.1,6.26,Hujan
21.07,54.8,997.1,24.4,25.59,48.4,330.3,60.5,39.0,4.3,Hujan
34.45,86.9,988.0,5.1,43.98,36.0,943.0,167.1,10.8,5.44,Cerah
24.46,61.7,989.3,1.2,35.76,8.7,498.4,16.4,46.8,4.44,Hujan
21.01,57.2,996.0,12.5,49.06,16.3,349.4,151.6,56.0,6.58,Hujan
20.95,66.4,1003.9,28.4,20.76,91.5,605.3,24.6,23.1,5.38,Hujan
29.95,65.9,1002.8,1.0,47.68,14.4,283.6,219.8,52.7,7.97,Hujan
25.09,42.7,957.8,10.6,30.96,20.5,861.1,406.4,28.9,7.35,Hujan
23.08,95.1,957.1,19.9,31.38,40.7,121.3,247.8,34.1,7.45,Hujan
26.01,99.1,980.6,3.2,15.69,71.8,685.6,158.2,10.6,6.77,Hujan
32.21,60.5,1016.9,0.9,0.32,49.2,111.0,64.9,58.6,7.72,Cerah
27.14,41.6,984.7,11.9,21.36,82.6,617.9,447.6,13.3,4.54,Hujan
23.37,98.8,983.7,11.4,39.82,99.6,1124.7,100.2,27.2,5.64,Hujan
23.87,72.8,995.3,14.8,32.28,43.9,725.8,352.7,13.1,4.88,Hujan
28.5,60.1,1016.3,17.7,,93.6,826.5,210.2,38.6,7.0,Hujan
,60.1,974.7,9.0,27.44,32.6,373.9,314.6,31.0,7.08,Hujan
23.89,59.6,971.3,17.2,37.08,22.0,1036.6,197.4,37.7,4.67,Hujan
22.17,81.8,999.8,21.2,35.61,90.9,155.4,481.2,15.2,4.54,Hujan
22.29,84.3,1013.6,28.1,3.53,10.0,221.6,61.5,22.9,4.8,Hujan
28.85,48.1,977.8,1.5,32.42,49.9,191.7,157.4,33.8,7.27,Hujan
31.91,88.1,970.3,5.7,43.3,38.3,594.5,374.2,52.7,5.08,Cerah
22.42,53.5,964.1,7.3,25.01,86.5,513.9,459.1,25.3,6.11,Hujan
34.6,63.9,971.1,7.2,18.24,58.3,233.5,429.7,28.0,5.61,Cerah
31.54,76.4,984.5,2.0,27.21,14.7,697.8,153.1,21.1,5.53,Cerah
,95.7,998.7,13.0,8.73,33.2,1096.5,306.7,12.4,6.86,Hujan
31.84,70.4,951.6,18.7,47.84,30.9,611.8,345.0,22.7,6.2,Cerah
31.29,96.0,977.2,0.4,,32.1,655.6,357.1,17.5,6.07,Cerah
21.75,72.1,977.2,26.9,17.06,24.4,416.1,79.1,40.5,5.38,Hujan
21.14,81.7,955.0,13.6,,,617.8,208.7,53.7,4.72,Hujan
30.41,42.3,953.5,12.0,3.41,65.2,490.5,227.8,17.2,5.46,Cerah
21.2,92.1,999.9,21.7,36.27,64.0,371.0,441.4,34.9,5.55,Hujan
28.09,47.8,1011.8,6.4,35.74,28.2,839.3,285.9,36.5,7.45,Hujan
33.42,87.9,1016.2,8.6,27.81,8.5,533.6,241.9,44.7,5.26,Cerah
23.59,90.2,962.2,7.5,0.0,20.2,694.2,52.0,51.2,5.99,Hujan
32.4,,971.8,9.8,17.91,24.8,1060.7,202.3,36.9,5.2,Cerah
20.16,71.0,957.2,0.5,47.05,34.2,939.6,70.4,53.2,5.01,Hujan
29.95,66.8,1010.1,22.5,27.07,43.5,470.9,203.3,12.9,6.75,Hujan
29.69,63.8,964.8,18.5,9.46,,248.5,238.5,17.8,6.57,Hujan
34.42,76.8,1016.6,12.2,2.16,1.7,193.9,232.3,53.8,6.84,Cerah
23.73,45.9,994.2,15.9,37.73,94.1,280.5,195.8,36.2,7.88,Hujan
29.02,55.0,954.6,20.2,33.98,18.2,789.5,120.6,44.7,5.99,Hujan
33.88,51.1,961.3,10.4,47.77,98.1,569.0,427.3,48.4,6.5,Cerah
24.57,60.4,958.0,13.0,48.86,61.7,885.0,132.5,23.6,4.43,Hujan
26.36,92.1,989.0,20.3,41.63,21.4,573.4,133.9,44.7,4.59,Hujan
28.06,58.2,975.8,11.9,35.87,67.5,1051.5,73.7,30.6,4.65,Hujan
24.75,47.5,1008.1,3.5,25.3,8.3,119.9,452.0,41.1,5.22,Hujan
29.56,72.5,970.5,9.6,,89.3,955.7,443.9,20.7,6.02,Hujan
25.76,41.2,990.5,19.9,9.49,67.4,847.1,85.6,17.5,7.17,Hujan
31.75,50.1,1013.4,16.1,33.74,6.5,106.5,271.1,29.4,4.41,Cerah
,97.5,1013.7,26.2,34.52,76.0,694.9,345.3,52.4,6.97,Hujan
29.98,71.6,954.0,13.4,36.2,65.6,1126.8,0.4,22.6,5.88,Hujan
32.84,64.1,998.6,15.9,2.79,58.6,1090.8,251.8,51.6,4.34,Cerah
22.1,58.6,1012.5,12.6,20.74,55.8,272.3,335.0,47.9,6.75,Hujan
,92.8,1008.8,17.1,16.96,,1056.5,156.6,30.9,6.8,Hujan
23.24,46.3,952.6,2.2,7.57,60.6,191.6,243.7,42.2,7.21,Hujan
29.48,71.9,985.4,23.5,,4.9,319.1,242.6,16.7,5.87,Hujan
33.62,82.5,973.5,18.9,5.91,31.0,737.7,385.0,36.7,6.17,Cerah
26.93,44.0,1016.6,3.6,24.65,99.9,1035.6,12.2,14.4,6.01,Hujan
20.3,72.4,970.9,7.1,47.29,57.3,932.0,225.0,51.4,5.93,Hujan
23.65,99.5,1008.5,12.1,34.5,,661.0,200.1,15.0,5.18,Hujan
27.8,97.1,974.4,24.1,46.64,26.0,467.5,472.8,55.7,4.46,Hujan
29.79,40.6,985.5,27.5,17.15,56.6,327.6,105.0,46.2,7.57,Hujan
34.26,63.3,991.2,1.0,39.01,61.0,566.8,299.6,21.6,4.4,Cerah
27.54,79.5,975.0,20.0,20.1,89.9,636.1,109.5,56.1,5.63,Hujan
29.14,87.8,982.1,26.9,5.17,64.9,663.5,376.9,25.2,5.42,Hujan
34.08,48.5,1012.9,10.3,17.25,10.5,949.5,277.0,25.7,7.08,Cerah
32.52,73.7,996.3,5.4,17.11,33.1,202.9,384.6,21.4,4.41,Cerah
25.65,64.8,955.3,17.3,31.07,45.6,1132.3,39.3,39.5,6.55,Hujan
28.56,66.8,996.0,27.3,36.02,62.8,425.8,321.1,54.0,7.27,Hujan
25.62,99.3,991.6,9.4,41.3,45.0,755.9,353.3,33.4,6.6,Hujan
28.75,79.5,989.9,18.0,6.76,31.7,394.9,184.1,50.2,5.95,Hujan
31.07,60.2,1016.9,22.6,47.53,57.9,312.7,96.9,51.3,7.77,Cerah
32.26,81.3,1011.0,10.7,6.42,,966.8,296.3,22.0,6.91,Cerah
21.65,88.6,979.2,13.8,45.01,48.6,1199.4,439.7,42.7,7.58,Hujan
33.47,90.8,1014.3,28.2,17.13,86.4,959.4,147.9,44.5,6.3,Cerah
27.55,54.0,999.5,27.8,47.81,44.9,1130.2,168.2,42.0,4.82,Hujan
24.51,73.9,972.0,16.1,,76.6,1063.5,132.4,28.7,6.05,Hujan
22.49,78.2,969.2,1.5,9.32,77.0,872.9,75.2,40.5,6.67,Hujan
,98.1,1010.5,26.3,14.23,6.4,1026.4,383.1,24.5,7.84,Cerah
30.36,72.4,954.4,29.1,18.83,45.9,439.2,105.6,53.9,6.95,Cerah
31.94,69.9,955.0,23.7,19.59,34.3,314.4,303.0,11.3,4.32,Cerah
25.4,81.4,986.2,16.3,45.4,,451.7,246.4,19.5,6.26,Hujan
21.55,50.0,973.8,2.0,6.16,24.4,852.6,32.8,35.0,6.75,Hujan
24.77,91.7,1017.7,1.9,34.89,5.6,104.3,267.0,15.9,6.63,Hujan
33.16,95.9,971.3,7.5,15.76,93.5,1167.1,385.6,59.8,6.7,Cerah
22.42,41.3,979.6,5.8,6.28,64.3,1112.0,259.2,56.8,6.4,Hujan
30.59,52.1,987.9,27.8,49.63,3.0,238.8,139.8,42.0,4.0,Cerah
26.42,47.9,954.5,15.0,12.54,79.8,283.5,334.3,20.8,5.96,Hujan
26.73,96.2,1017.5,17.0,24.48,38.6,567.3,271.7,12.4,4.28,Hujan
34.77,73.6,955.5,18.7,48.08,24.8,569.8,298.4,18.6,4.91,Cerah
28.55,59.5,1017.1,9.0,49.61,73.7,1096.3,312.4,50.2,4.86,Hujan
32.26,97.5,1018.1,15.4,48.29,44.7,354.1,65.2,41.9,7.38,Cerah
26.28,79.4,1014.4,9.1,4.37,59.5,272.2,227.8,12.1,4.06,Hujan
23.57,54.8,978.7,19.1,34.19,91.7,494.0,197.0,44.9,7.22,Hujan
27.66,55.6,979.9,25.2,0.06,85.2,413.1,472.6,21.7,7.8,Hujan
23.64,49.1,1003.3,1.2,33.12,84.0,746.1,311.7,32.9,4.07,Hujan
27.58,42.2,978.7,30.0,12.29,95.8,323.9,286.2,39.2,6.24,Hujan
22.72,79.6,1009.8,24.0,20.87,1.7,902.2,472.4,38.3,6.17,Hujan
,67.6,955.3,16.4,0.35,63.3,224.1,251.9,22.7,7.06,Hujan
33.16,93.2,1005.0,14.1,5.96,68.3,719.5,316.9,59.1,6.42,Cerah
26.14,62.1,1017.7,29.4,9.77,41.9,336.9,24.6,20.8,6.43,Hujan
32.74,56.4,957.9,22.0,12.62,5.8,266.6,456.1,46.7,4.51,Cerah
24.83,90.5,957.4,27.3,15.65,81.9,973.5,166.3,31.3,6.0,Hujan
,83.3,996.4,11.9,45.82,8.4,290.0,122.4,34.1,7.75,Hujan
29.42,40.7,968.2,9.4,33.78,10.7,434.7,64.1,22.6,5.97,Hujan
34.02,79.7,1003.0,12.9,3.89,34.2,913.4,359.7,30.7,6.96,Cerah
22.1,64.8,971.2,24.2,16.94,58.6,553.1,205.5,38.5,5.74,Hujan
29.27,50.5,976.4,7.5,47.25,4.9,1000.2,256.7,11.0,5.55,Hujan
20.38,84.0,1004.6,1.3,14.99,41.6,1041.5,267.8,56.2,6.4,Hujan
22.28,67.3,960.3,3.6,24.16,76.2,408.5,306.9,11.0,7.7,Hujan
24.23,86.4,976.0,7.3,47.99,44.6,713.0,47.4,58.8,7.65,Hujan
30.99,56.4,1005.0,8.3,26.25,80.5,166.8,80.8,23.7,7.83,Cerah
30.89,85.9,1012.5,1.9,47.07,46.4,851.5,465.2,24.4,4.64,Cerah
30.54,68.8,999.2,16.8,3.07,46.9,207.1,193.1,28.3,5.12,Cerah
25.03,62.9,975.0,14.3,9.96,49.7,880.8,283.4,27.1,5.41,Hujan
34.8,45.6,987.9,15.8,41.53,21.8,123.1,37.6,20.3,4.42,Cerah
28.75,77.2,990.4,25.9,24.41,57.9,509.0,36.3,59.7,5.98,Hujan
,53.4,962.9,21.4,3.47,60.1,1115.6,204.0,58.7,6.16,Cerah
26.38,70.2,991.7,15.7,17.86,15.7,339.6,440.6,42.9,5.75,Hujan
28.65,52.8,1013.2,7.4,17.93,70.1,709.5,23.0,49.8,7.71,Hujan
34.19,83.6,974.7,2.1,40.72,58.8,1153.8,4.2,27.5,4.7,Cerah
25.46,88.0,969.3,8.6,9.14,89.1,690.5,312.4,22.5,5.97,Hujan
33.45,92.7,977.7,1.5,43.96,28.6,988.5,280.7,16.8,6.79,Cerah
30.25,69.5,980.1,19.9,19.89,78.2,1103.4,302.1,47.2,7.49,Cerah
31.56,88.2,966.4,24.2,12.12,1.7,690.3,105.5,42.4,6.41,Cerah
22.67,66.4,1014.3,14.3,17.62,9.4,233.3,33.6,22.1,5.18,Hujan
27.39,41.9,1009.7,1.7,45.57,41.1,291.9,271.9,39.5,5.82,Hujan
33.63,93.7,966.9,3.1,18.84,91.0,1062.2,244.6,33.6,7.07,Cerah
21.68,44.9,975.7,5.2,,58.0,797.2,374.7,17.2,7.79,Hujan
22.6,83.9,977.6,0.2,2.01,95.9,734.9,327.5,47.3,5.48,Hujan
31.84,86.9,980.3,17.9,43.65,62.6,854.3,159.8,45.9,6.36,Cerah
24.79,52.4,998.2,12.3,3.84,68.8,152.6,212.1,32.4,4.63,Hujan
20.2,61.3,979.8,16.2,4.49,95.2,452.1,128.8,13.8,7.32,Hujan
30.22,79.0,970.5,28.9,32.44,90.7,1093.6,420.4,46.2,6.22,Cerah
34.1,56.6,987.4,24.7,28.58,85.3,1139.5,98.6,12.6,7.42,Cerah
28.55,43.9,972.2,11.8,17.74,41.7,1019.9,360.2,40.7,7.1,Hujan
23.48,65.0,993.6,0.2,11.64,16.4,624.8,231.7,35.8,5.06,Hujan
31.21,72.1,998.1,26.1,25.03,34.2,862.2,220.2,53.1,7.49,Cerah
27.68,79.9,950.3,13.7,40.12,18.7,832.3,162.8,11.7,4.42,Hujan
25.63,73.6,983.1,25.6,10.44,17.9,938.4,70.2,53.7,6.89,Hujan
32.67,66.7,971.4,22.8,19.14,57.6,915.4,263.7,18.5,6.78,Cerah
31.03,79.4,972.3,1.0,43.9,64.8,605.6,343.7,22.9,6.14,Cerah
23.98,65.2,950.9,5.0,29.16,40.0,216.4,447.5,27.5,7.6,Hujan
33.72,84.1,982.3,4.1,33.69,61.6,107.8,28.6,38.2,5.01,Cerah
33.05,44.9,989.6,7.6,38.47,7.0,624.9,115.0,42.7,7.83,Cerah
20.65,92.7,1013.7,18.3,10.42,6.1,812.3,435.4,32.2,7.54,Hujan
20.68,62.3,975.3,6.1,27.73,25.8,1178.0,235.4,11.6,7.46,Hujan
22.44,63.9,957.6,18.7,14.28,18.2,988.4,473.2,46.7,5.85,Hujan
25.66,95.6,999.2,6.2,40.6,4.9,594.8,11.9,40.2,4.09,Hujan
26.52,69.8,985.3,13.5,30.01,93.2,617.8,226.6,57.1,5.17,Hujan
29.5,78.5,1002.8,20.6,37.2,,867.9,386.3,16.2,7.34,Hujan
33.39,52.1,953.8,14.5,8.08,62.3,157.6,496.0,41.3,5.57,Cerah
31.22,83.8,971.9,5.3,42.93,19.2,898.0,219.0,18.1,4.76,Cerah
,55.1,985.4,2.3,9.6,76.2,459.7,210.6,16.2,5.93,Hujan
29.1,57.8,1017.2,29.5,9.51,81.6,610.8,157.6,59.6,6.7,Hujan
33.36,85.3,975.2,4.6,37.1,27.4,551.7,344.6,32.5,6.69,Cerah
21.28,47.3,1005.1,29.1,47.39,21.2,557.9,416.1,56.7,7.39,Hujan
